epoch,accuracy,loss,val_accuracy,val_loss
0,0.09184545278549194,2.4920616149902344,0.09000909328460693,2.398085594177246
